date,volume,open,high,low,close,adjusted_close
2025-06-02,638694,171.9,171.9,168.5,169.1,24.157142857142855
2025-06-03,370193,171.0,172.3,170.2,170.35,24.335714285714285
2025-06-04,540380,172.7,175.8,172.7,175.8,25.114285714285717
2025-06-05,604789,176.4,176.6,175.75,176.3,25.185714285714287
2025-06-06,150127,176.3,176.5,175.6,175.75,25.107142857142858
2025-06-09,383600,177.55,178.4,177.05,177.9,25.414285714285715
2025-06-10,1108127,179.9,183.65,179.9,183.6,26.228571428571428
2025-06-11,931549,185.2,185.5,184.55,185.5,26.5
2025-06-12,938073,185.0,185.0,183.75,184.4,26.342857142857145
2025-06-13,881627,182.05,182.85,180.95,181.25,25.892857142857142
2025-06-16,563326,180.7,181.3,179.6,181.3,25.900000000000002
2025-06-17,585007,183.25,184.2,182.55,182.7,26.099999999999998
2025-06-18,441459,182.5,184.85,182.5,184.8,26.400000000000002
2025-06-19,256529,184.45,184.45,182.05,182.75,26.107142857142858
2025-06-20,381702,181.85,183.0,180.5,183.0,26.142857142857142
2025-06-23,442731,179.85,181.1,178.95,181.1,25.87142857142857
2025-06-24,397808,183.0,184.65,183.0,184.6,26.37142857142857
2025-06-25,660747,186.5,187.1,186.0,187.1,26.728571428571428
2025-06-26,968266,187.45,188.35,187.0,187.55,26.792857142857144
2025-06-27,557469,187.85,188.0,186.4,187.8,26.82857142857143
2025-06-30,686860,188.3,188.7,187.45,188.1,26.87142857142857
2025-07-01,1084731,188.6,191.0,188.15,188.9,26.985714285714288
2025-07-02,213527,188.05,189.75,187.55,189.75,27.107142857142858
2025-07-03,806092,191.95,192.3,191.2,191.45,27.349999999999998
2025-07-04,341201,191.85,192.0,189.5,190.1,27.157142857142855
2025-07-07,682715,189.3,189.5,188.2,188.95,26.99285714285714
2025-07-08,471192,187.75,188.2,187.15,187.55,26.792857142857144
2025-07-09,332186,187.1,190.8,187.1,190.55,27.22142857142857
2025-07-10,836152,191.05,192.45,191.05,192.45,27.49285714285714
2025-07-11,332379,192.45,192.95,192.1,192.95,27.564285714285713
2025-07-14,317105,192.7,192.7,190.55,191.75,27.392857142857142
2025-07-15,867243,192.15,194.65,191.5,194.3,27.75714285714286
2025-07-16,1160356,195.3,197.2,195.3,196.85,28.12142857142857
2025-07-17,957625,197.3,197.95,195.5,197.35,28.192857142857143
2025-07-18,1229768,200.0,200.95,199.8,200.2,28.599999999999998
2025-07-21,725058,200.0,200.1,199.0,199.65,28.521428571428572
2025-07-22,1555056,199.85,201.6,197.45,197.9,28.271428571428572
2025-07-23,889331,198.15,199.4,198.15,199.1,28.442857142857143
2025-07-24,912314,200.0,200.45,199.85,200.4,28.62857142857143
2025-07-25,822061,200.55,200.7,199.7,200.15,28.592857142857145
2025-07-28,855623,200.9,201.1,199.95,200.7,28.67142857142857
2025-07-29,732939,200.7,200.7,197.2,198.05,28.292857142857144
2025-07-30,1038580,199.5,201.1,199.3,200.2,28.599999999999998
2025-07-31,1021087,200.85,203.1,200.85,203.0,29.0
2025-08-01,821877,199.25,200.7,199.25,200.35,28.62142857142857
2025-08-04,401835,198.15,199.2,197.4,199.2,28.457142857142856
2025-08-05,545861,201.0,201.5,200.15,201.4,28.771428571428572
2025-08-06,564854,199.6,199.6,198.85,199.15,28.45
2025-08-07,1034685,203.85,206.6,203.85,206.4,29.485714285714288
2025-08-08,593722,206.8,206.8,205.8,205.85,29.407142857142855
2025-08-11,584152,205.4,208.7,204.9,207.7,29.67142857142857
2025-08-12,438081,207.9,208.2,206.4,207.9,29.7
2025-08-13,850320,208.4,209.55,207.45,209.15,29.87857142857143
2025-08-14,759899,208.8,209.15,207.2,207.85,29.692857142857143
2025-08-15,889409,207.85,208.3,206.9,207.45,29.635714285714283
2025-08-18,640928,206.95,208.95,206.95,208.85,29.835714285714285
2025-08-19,192035,208.75,209.0,208.0,208.05,29.72142857142857
2025-08-20,1116025,204.6,205.5,200.8,200.95,28.707142857142856
2025-08-21,586718,201.25,203.1,201.25,203.05,29.00714285714286
2025-08-22,459946,203.05,203.05,201.35,201.5,28.785714285714285
2025-08-25,1376649,205.45,207.4,205.15,206.75,29.535714285714285
2025-08-26,246484,206.0,207.8,205.5,207.4,29.62857142857143
2025-08-27,365492,208.4,209.55,208.4,209.55,29.935714285714287
2025-08-28,468382,208.6,208.8,206.8,206.8,29.542857142857144
2025-08-29,397623,208.65,208.85,206.9,207.0,29.571428571428573
2025-09-01,477148,205.85,206.3,203.0,204.25,29.178571428571427
2025-09-02,677125,206.05,206.4,203.2,203.55,29.07857142857143
2025-09-03,343876,203.3,204.4,202.8,203.5,29.071428571428573
2025-09-04,519051,206.05,206.95,204.7,205.0,29.285714285714285
2025-09-05,620139,206.15,207.8,206.15,207.5,29.642857142857142
2025-09-08,1238330,209.15,210.1,209.0,209.8,29.97142857142857
2025-09-09,1341576,210.55,212.0,210.2,211.9,30.271428571428572
2025-09-10,1390564,214.05,216.4,214.05,216.2,30.885714285714283
2025-09-11,2303583,219.0,220.7,218.05,218.45,31.207142857142856
2025-09-12,537602,220.0,220.5,219.7,220.5,31.5
2025-09-15,482644,221.0,221.3,219.0,220.05,31.435714285714287
2025-09-16,1187892,221.35,224.8,221.35,224.25,32.035714285714285
2025-09-17,305960,223.8,223.8,222.4,222.6,31.8
2025-09-18,333634,223.7,224.45,222.5,224.3,32.042857142857144
2025-09-19,394424,225.75,225.75,223.5,224.85,32.121428571428574
2025-09-22,818563,224.85,226.9,223.8,226.25,32.32142857142857
2025-09-23,1543555,229.1,232.0,228.75,231.9,33.128571428571426
2025-09-24,977850,232.6,232.6,230.05,232.15,33.16428571428572
2025-09-25,562129,231.35,231.6,230.15,230.65,32.95
2025-09-26,1381906,229.2,229.4,225.25,226.7,32.385714285714286
2025-09-30,625547,228.15,229.6,228.15,229.0,32.714285714285715
2025-10-01,1436033,229.75,233.25,229.55,229.95,32.85
2025-10-02,1743270,234.45,235.5,233.3,234.95,33.56428571428571
2025-10-03,1004389,234.9,239.25,234.35,239.1,34.15714285714286
2025-10-07,1438766,244.25,246.45,244.0,246.45,35.207142857142856
2025-10-08,1122510,242.55,244.1,241.85,244.1,34.871428571428574
2025-10-09,1660049,248.1,248.1,246.15,247.3,35.32857142857143
2025-10-13,6093813,241.7,243.65,240.1,242.55,34.65
2025-10-14,2412124,247.65,247.95,241.1,241.35,34.47857142857143
2025-10-15,1424597,242.6,246.8,241.35,245.75,35.107142857142854
2025-10-16,3335016,248.0,253.25,248.0,252.8,36.114285714285714
2025-10-17,4260582,249.6,249.6,248.15,248.15,35.45
2025-10-20,2458615,250.2,253.6,249.35,252.85,36.121428571428574
2025-10-21,2915514,256.75,256.75,253.1,253.2,36.17142857142857
2025-10-22,3685947,250.45,251.55,249.35,251.2,35.885714285714286
2025-10-23,2060755,247.8,249.45,247.4,248.95,35.56428571428571
2025-10-27,3057982,255.75,256.15,254.85,255.8,36.542857142857144
2025-10-28,2246798,255.55,255.8,253.85,254.25,36.32142857142857
2025-10-29,3263907,256.7,260.25,256.7,260.0,37.142857142857146
2025-10-30,3320621,260.55,261.85,258.15,260.0,37.142857142857146
2025-10-31,2193289,260.35,261.8,260.35,261.2,37.31428571428571
2025-11-03,4021496,260.65,262.1,258.0,258.75,36.964285714285715
2025-11-04,3491930,261.35,261.95,257.25,257.35,36.76428571428572
2025-11-05,4728977,253.0,254.35,250.6,253.6,36.22857142857143
2025-11-06,2091092,254.2,255.95,254.2,254.85,36.40714285714286
2025-11-07,3564264,252.6,252.6,250.75,251.5,35.92857142857143
2025-11-10,1365866,253.05,255.95,252.75,255.85,36.55
2025-11-11,2081270,257.25,257.8,253.55,253.6,36.22857142857143
2025-11-12,814628,254.25,255.5,252.95,255.3,36.471428571428575
2025-11-13,1651809,253.6,254.35,252.85,254.1,36.3
2025-11-14,5893574,248.3,249.65,248.05,248.5,35.5
2025-11-17,4415657,250.35,252.05,249.0,249.0,35.57142857142857
2025-11-18,12055630,247.85,247.95,243.2,245.3,35.042857142857144
2025-11-26,272824460,35.38,35.4,35.2,35.35,35.35
2025-11-27,105493794,35.8,35.88,35.52,35.68,35.68
2025-11-28,58627470,35.75,36.08,35.71,36.01,36.01
2025-12-01,103756610,35.8,35.81,35.35,35.36,35.36
2025-12-02,34447663,35.65,35.8,35.39,35.41,35.41
2025-12-03,28383484,35.82,35.94,35.7,35.81,35.81
2025-12-04,28232053,35.89,35.92,35.59,35.68,35.68
2025-12-05,26640542,35.77,36.12,35.77,36.12,36.12
2025-12-08,43478825,36.4,36.82,36.34,36.82,36.82
2025-12-09,46234204,37.0,37.0,36.72,36.77,36.77
2025-12-10,37284974,36.82,37.11,36.79,37.02,37.02
2025-12-11,83069313,37.28,37.28,36.44,36.55,36.55
2025-12-12,42671777,36.71,36.73,36.45,36.64,36.64
2025-12-15,48708244,35.91,36.09,35.88,36.05,36.05
2025-12-16,93412953,35.71,35.75,35.38,35.65,35.65
2025-12-17,37191719,35.64,35.79,35.44,35.46,35.46
2025-12-18,52410869,35.28,35.54,35.22,35.31,35.31
2025-12-19,24363230,35.76,35.86,35.61,35.64,35.64
2025-12-22,26630844,36.2,36.3,36.1,36.21,36.21
2025-12-23,27889438,36.36,36.51,36.36,36.46,36.46
2025-12-24,18713629,36.68,36.69,36.49,36.55,36.55
2025-12-26,26413506,36.8,36.91,36.7,36.89,36.89
2025-12-29,35108523,37.0,37.45,37.0,37.4,37.4
2025-12-30,29671784,37.22,37.46,37.08,37.45,37.45
2025-12-31,62432257,37.31,37.97,37.29,37.89,37.89
2026-01-02,46573974,38.09,38.78,37.94,38.76,38.76
2026-01-05,101052485,39.75,40.87,39.7,40.4,40.4
2026-01-06,77151705,40.27,41.1,40.2,41.1,41.1
2026-01-07,72284388,41.1,41.11,40.64,40.77,40.77
2026-01-08,52857390,40.6,40.97,40.4,40.84,40.84
2026-01-09,62671248,40.45,40.94,40.02,40.66,40.66
2026-01-12,37846609,41.05,41.08,40.83,40.9,40.9
2026-01-13,67136520,41.33,41.53,41.02,41.24,41.24
2026-01-14,50696193,41.38,41.55,41.33,41.35,41.35
2026-01-15,59245959,41.16,41.17,40.88,41.1,41.1
2026-01-16,64178143,41.97,42.09,41.47,42.07,42.07
2026-01-19,73592730,41.81,42.7,41.64,42.48,42.48
2026-01-20,67530077,42.09,42.64,42.0,42.64,42.64
2026-01-21,78759240,42.11,42.49,42.0,42.11,42.11
2026-01-22,36697730,42.51,42.7,42.37,42.42,42.42
2026-01-23,27163442,42.67,42.88,42.42,42.81,42.81
2026-01-26,45458233,42.9,43.12,42.82,42.85,42.85
2026-01-27,33800034,42.93,43.53,42.89,43.42,43.42
2026-01-28,38434828,43.82,44.24,43.79,44.23,44.23
2026-01-29,69705306,44.45,44.49,43.81,43.96,43.96
2026-01-30,76077198,43.5,43.54,43.1,43.28,43.28
2026-02-02,79577496,42.7,42.73,42.21,42.52,42.52
2026-02-03,34925085,43.47,43.55,43.06,43.37,43.37
2026-02-04,22981102,43.07,43.61,43.03,43.43,43.43
2026-02-05,41423872,42.88,43.02,42.76,42.86,42.86
2026-02-06,35439284,42.36,42.99,42.09,42.71,42.71
2026-02-09,50130204,44.02,44.1,43.83,43.88,43.88
2026-02-10,50109315,44.35,44.96,44.35,44.95,44.95
2026-02-11,70948219,45.2,46.19,45.2,46.07,46.07
2026-02-23,94785776,46.71,46.71,45.8,45.8,45.8
2026-02-24,53868898,46.16,47.44,46.13,47.28,47.28
2026-02-25,83893897,48.85,48.85,47.9,48.38,48.38
2026-02-26,62412762,48.5,48.58,48.1,48.42,48.42
2026-03-02,82159364,47.2,48.25,47.18,47.9,47.9
2026-03-03,109897444,47.73,47.99,46.8,46.81,46.81
2026-03-04,162782228,45.68,45.8,44.74,44.74,44.74
2026-03-05,90527862,46.28,46.9,45.66,45.85,45.85
2026-03-06,44815274,45.4,45.92,45.35,45.6,45.6
2026-03-09,124545016,43.02,43.46,42.58,43.38,43.38
2026-03-10,76531081,45.1,45.22,43.93,44.56,44.56
2026-03-11,51607274,45.22,46.66,45.22,46.46,46.46
2026-03-12,46457228,45.99,46.27,45.58,45.65,45.65
2026-03-13,42396559,44.8,45.64,44.71,45.3,45.3
2026-03-16,40639135,45.5,45.72,44.96,45.17,45.17
2026-03-17,26041287,45.68,45.9,45.55,45.68,45.68
2026-03-18,35483319,46.42,46.63,46.21,46.45,46.45
2026-03-19,39774298,45.71,45.87,45.5,45.54,45.54
2026-03-20,29899678,45.65,45.74,45.1,45.26,45.26
2026-03-23,67001322,44.0,44.34,43.88,44.1,44.1
2026-03-24,38162214,44.92,44.93,43.8,44.13,44.13
2026-03-25,44165653,45.16,45.45,44.91,45.08,45.08
2026-03-26,23579476,45.21,45.49,44.86,44.9,44.9
2026-03-27,30933033,44.02,44.55,44.0,44.5,44.5
2026-03-30,47419283,43.4,43.74,43.32,43.66,43.66
2026-03-31,56822588,43.3,43.45,42.75,42.82,42.82
2026-04-01,43215978,44.42,44.8,44.24,44.73,44.73
2026-04-02,33332017,45.07,45.07,43.73,43.82,43.82
2026-04-07,21479000,44.51,44.71,44.27,44.54,44.54
2026-04-08,92091571,46.53,47.01,46.36,46.95,46.95
2026-04-09,38613218,47.0,47.0,46.7,46.9,46.9
2026-04-10,65840225,47.55,47.94,47.47,47.94,47.94
2026-04-13,34820088,47.88,48.03,47.67,47.86,47.86
2026-04-14,52400036,48.74,49.42,48.59,49.33,49.33
2026-04-15,45864087,50.0,50.65,49.8,50.2,50.2
2026-04-16,43501721,50.5,50.7,50.05,50.7,50.7
2026-04-17,68736543,50.3,50.3,49.98,50.05,50.05
2026-04-20,54186385,49.5,49.5,49.15,49.2,49.2
2026-04-21,35505641,49.72,50.0,49.4,49.94,49.94
2026-04-22,40721536,49.88,50.3,49.8,50.25,50.25
2026-04-23,73485510,51.1,51.8,49.54,50.35,50.35
2026-04-24,71251696,51.15,52.7,51.15,52.7,52.7
2026-04-27,100997275,55.0,55.55,54.55,54.85,54.85
2026-04-28,72213436,54.3,54.95,53.8,53.8,53.8
2026-04-29,52313591,52.9,53.55,52.55,53.05,53.05
2026-04-30,47706881,53.55,53.6,52.65,52.65,52.65
2026-05-04,51424584,53.95,55.5,53.85,55.4,55.4
2026-05-05,29271912,55.35,55.55,55.05,55.4,55.4
2026-05-06,42282249,56.2,56.75,55.4,56.1,56.1
2026-05-07,40445236,57.5,57.75,57.15,57.55,57.55
2026-05-08,33899557,57.2,57.5,56.2,57.1,57.1
2026-05-11,30943205,56.75,57.1,56.5,56.95,56.95
2026-05-12,42873369,57.05,57.4,56.1,56.9,56.9
2026-05-13,33153615,55.8,56.35,55.6,56.15,56.15
2026-05-14,25099890,57.0,57.15,56.2,56.6,56.6
2026-05-15,50888764,57.8,58.1,55.85,55.95,55.95
2026-05-18,31823580,55.15,56.1,54.75,55.85,55.85
2026-05-19,32719343,55.4,55.75,54.75,54.8,54.8
2026-05-20,28912670,54.75,55.0,54.4,54.45,54.45
2026-05-21,21841577,55.8,56.6,55.75,56.4,56.4
2026-05-22,33005123,56.85,57.7,56.6,57.65,57.65
2026-05-25,46477310,58.9,59.95,58.9,59.6,59.6
2026-05-26,26652531,60.1,60.2,59.25,59.25,59.25
2026-05-27,30613105,60.75,61.15,60.0,60.45,60.45
2026-05-28,48065607,61.25,61.55,59.0,59.4,59.4
2026-05-29,33405675,60.95,61.6,60.55,61.5,61.5
2026-06-01,34779344,62.15,63.2,62.0,62.05,62.05
2026-06-02,38707885,62.85,62.9,61.6,62.7,62.7
2026-06-03,23456486,63.55,63.75,63.2,63.6,63.6
2026-06-04,37835752,63.0,63.1,62.3,62.3,62.3
2026-06-05,47085844,61.6,61.85,60.3,61.0,61.0
2026-06-08,72781356,57.25,59.25,57.25,58.85,58.85
2026-06-09,20249672,59.5,60.3,59.05,60.15,60.15
2026-06-10,46858320,59.5,59.9,58.25,58.25,58.25
2026-06-11,41628656,57.95,58.6,56.8,58.15,58.15
2026-06-12,19610918,60.0,60.25,59.3,59.6,59.6
2026-06-15,31567997,61.35,61.6,60.9,61.6,61.6
2026-06-16,24352613,61.95,61.95,61.25,61.85,61.85
2026-06-17,26888610,61.2,62.15,61.05,62.15,62.15
2026-06-18,25192808,62.6,62.9,62.35,62.8,62.8
2026-06-22,46591322,64.25,65.55,64.25,65.25,65.25
2026-06-23,32097183,65.8,66.0,64.6,64.6,64.6
2026-06-24,48847758,63.15,63.5,62.4,63.05,63.05
2026-06-25,22202202,63.65,63.65,62.5,63.0,63.0
2026-06-26,51417349,62.0,62.3,60.5,60.6,60.6
2026-06-29,24098322,60.85,61.9,60.75,61.35,61.35
2026-06-30,28185476,62.95,63.7,62.85,63.35,63.35
2026-07-01,26053339,64.65,64.8,63.9,64.4,64.4
2026-07-02,26902473,63.0,64.2,62.95,64.1,64.1
2026-07-03,29828434,62.5,63.85,62.4,63.55,63.55
2026-07-06,16521834,63.95,64.4,63.2,63.55,63.55
2026-07-07,24464406,63.8,64.0,62.05,62.2,62.2
2026-07-08,22537887,62.3,62.55,61.45,62.15,62.15
2026-07-09,18161683,62.3,62.7,61.85,62.0,62.0
2026-07-13,24847266,62.3,62.95,61.8,62.1,62.1
2026-07-14,38947848,61.6,61.8,59.85,61.15,61.15
2026-07-15,18375422,61.45,62.35,61.1,62.25,62.25
2026-07-16,17870324,61.75,62.45,61.1,62.2,62.2
2026-07-17,66848132,59.75,60.15,57.9,57.9,57.9
2026-07-20,38675342,58.3,58.4,57.1,57.6,57.6
2026-07-21,30090838,58.3,60.3,58.3,60.3,60.3
2026-07-22,22694690,61.3,61.45,60.35,60.6,60.6
2026-07-23,13157819,60.95,61.15,60.25,60.9,60.9
2026-07-24,28851027,59.9,60.3,59.3,59.5,59.5
2026-07-27,16021621,59.2,59.45,58.5,59.3,59.3
2026-07-28,40995190,57.3,57.5,56.6,56.65,56.65
2026-07-29,63119428,56.6,56.6,53.35,54.4,54.4
2026-07-30,34926028,53.8,55.85,53.5,54.3,54.3
2026-07-31,73521887,58.3,59.7,58.25,59.7,59.7
2026-08-03,20463052,58.8,59.8,58.55,59.15,59.15
2026-08-04,30596726,58.8,59.6,58.2,58.65,58.65
2026-08-05,40325712,60.7,61.3,60.2,60.65,60.65
2026-08-06,16265978,60.2,60.6,59.85,60.45,60.45
2026-08-07,24490891,60.65,60.75,59.65,60.2,60.2
2026-08-10,19177147,60.75,61.25,60.6,60.95,60.95
2026-08-11,13041360,60.6,61.2,60.2,61.05,61.05
2026-08-12,17052528,61.3,61.65,61.1,61.5,61.5
2026-08-13,20437587,62.5,62.7,62.1,62.4,62.4
2026-08-14,28112743,62.7,62.8,61.85,61.95,61.95
